Name,Source URL,Download,Created time,Status,Type,Parent podcast,Post Date,Notes/Contributors
Braided Learning: How AI Can Enhance What Educators Already Do Well,https://www.gettingsmart.com/2026/01/05/braided-learning-how-ai-can-enhance-what-educators-already-do-well/,,"January 5, 2026 7:53 AM",Staging,,,,
Austin Scholar #198: What does it mean to be a “normal” kid?,https://austinscholar.substack.com/p/austin-scholar-198-what-does-it-mean,,"January 5, 2026 7:56 AM",Staging,,,,
Austin Scholar #196: How to help The Anxious Generation (without ignoring innovation),https://austinscholar.substack.com/p/austin-scholar-196-how-to-help-the,,"January 5, 2026 7:57 AM",Staging,,,,
"Considering homeschooling? (Warning, insanely LONG post) : r/homeschool",https://www.reddit.com/r/homeschool/comments/1q3asc1/considering_homeschooling_warning_insanely_long/,,"January 5, 2026 7:58 AM",Staging,,,,
Waking up??? Structured daily wake up time or naturally waking up? : r/homeschool,https://www.reddit.com/r/homeschool/comments/1ptotdo/waking_up_structured_daily_wake_up_time_or/,,"January 5, 2026 7:59 AM",Staging,,,,
What are you teaching outside of academia? : r/homeschool,https://www.reddit.com/r/homeschool/comments/1ptjw5s/what_are_you_teaching_outside_of_academia/,,"January 5, 2026 8:00 AM",Staging,,,,
Your Kids Should Be Debating,https://www.edchoice.org/2025-your-kids-should-be-debating/,,"January 5, 2026 8:02 AM",Staging,,,,
Do Parents Really Know What’s Best for Their Kids?,https://www.edchoice.org/2026-do-parents-really-know-whats-best-for-their-kids/,,"January 5, 2026 8:02 AM",Staging,,,,
OED - Thought/Tool/Trend - 1/5,,,"January 5, 2026 9:30 AM",Staging,,,01/05/2026,
Talk nerdy to me: Teachers who use math vocabulary help students do better in math,https://hechingerreport.org/proof-points-math-vocabulary/,,"January 6, 2026 5:17 AM",Staging,,,,
"Lenore Skenazy: """"With the best intentions, we often inundate our kids with commentary, limiting their sense of curiosity."" Great piece in @TodaysParent by Kaili Colford: ""IGNORING MY KIDS IS MY LOVE LANGUAGE."" https://t.co/uPsKjLzn5J""",https://x.com/FreeRangeKids/status/2008565614097657856,,"January 6, 2026 7:48 AM",Staging,,,,
Daily - 1/6/26,,,"January 6, 2026 12:17 PM",Staging,,,01/06/2026,
NY Times letters,,,"January 7, 2026 9:02 AM",Staging,,,01/07/2026,
Against thje Grade,https://www.againstthegrade.com/,,"January 7, 2026 9:27 AM",Staging,,,,
WEEKLY - Jan. 9,,,"January 7, 2026 11:10 AM",Staging,,,01/09/2026,
"BowTiedQueenBee: ""@eclipsebooty The data says otherwise. John Taylor Gatto, NY state teacher of the year several times, also says otherwise. https://t.co/no3eMEJxdY""",https://x.com/BowtiedQueenBee/status/2008854051262460077,,"January 7, 2026 11:22 AM",Staging,,,,
"rebelEducator: ""Every parent should read @thecolesummers’ autobiography Don’t Tell Me I Can’t Written by a 12 year old about how he bought and flipped a house, bought a ranch, and built a business All *before* age 12 Before you make any decisions about how to educate your kids, read this""",https://x.com/rebelEducator/status/2008371528228864334,,"January 7, 2026 11:22 AM",Staging,,,,
"Rinae: ""You are not smart enough to homeschool your children""",https://x.com/eclipsebooty/status/2008569935325544938,,"January 7, 2026 11:22 AM",Staging,,,,
"Anne | TimeTrek: ""Step one: Get involved in your kids education. Step 2: Realize you can teach them to do better.""",https://x.com/TimeTrekFam/status/2009288087730295121,,"January 8, 2026 8:17 AM",Staging,,,,
"Danny Steele: ""Everyone needs a cheerleader. https://t.co/lsGI8u4YII""",https://x.com/SteeleThoughts/status/2009249977021640881,,"January 8, 2026 8:22 AM",Staging,,,,
"Douglas Green: Kids should love school. That does NOT mean school shouldn't be hard. ",https://x.com/__douglasgreen/status/2009047193429434678,,"January 8, 2026 8:29 AM",Staging,,,,
"Claire Honeycutt | ClarifiED 🕊️❤️: ""Was trying to set up a playdate with another homeschool family - effectively it was impossible because we both had too many activities. Homeschoolers may be OVER-socialized🤣""",https://x.com/HippyMomPhD/status/2009065098464382987,,"January 8, 2026 8:33 AM",Staging,,,01/15/2026,
"Daniel Buck, “Youngest Old Man in Ed Reform”: ""I never understand those disheveled, ""parenthood is miserable"" opinions ",https://x.com/MrDanielBuck/status/2008224639244206203,,"January 8, 2026 8:38 AM",Staging,,,01/17/2026,
" Mason Ember: pro-child, not always pro-home-schooling",,,"January 8, 2026 9:41 AM",Staging,,,01/16/2026,
[DRAFT] Homeschool Programs in Oregon - For Fred Review,,,"January 8, 2026 2:49 PM",Staging,,,,
[DRAFT] IXL vs Exact Path - For Fred Review,,,"January 8, 2026 2:50 PM",Staging,,,,
NY Times rebuttals carousel,,,"January 9, 2026 5:25 AM",Staging,,,01/09/2026,