Name,Source URL,Post Date,Status
comment on FB post,,,
"Teach Your Child, Not a Grade Level - Simply Charlotte Mason",https://simplycharlottemason.com/blog/teach-your-child-not-a-grade-level/,,Idea
Quote attributions,,,
Opinion | We Don’t Have to Give In to the Smartphones,https://www.nytimes.com/2025/06/18/opinion/parents-smartphones-tiktok-facebook.html?unlocked_article_code=1.QE8.-bAw.SlHLNmNOFHpU&smid=url-share,,Idea
"CLIP 2: ""Reading Impacts Everything""",,,Idea
"How ""Innovation"" Fails Education",https://www.aei.org/op-eds/how-innovation-fails-education/,,Idea
Just wanted to say days like this make me fall in love with homeschool : r/homeschool,https://www.reddit.com/r/homeschool/comments/1hi9ri7/just_wanted_to_say_days_like_this_make_me_fall_in/,,Idea
first time being homeschooled after being in traditional school my whole life (kind of a rant) : r/homeschool,https://www.reddit.com/r/homeschool/comments/1idzkq5/first_time_being_homeschooled_after_being_in/,,Idea
Is long division necessary? : r/homeschool,https://www.reddit.com/r/homeschool/comments/1jk0hj1/is_long_division_necessary/,,Idea
Schools fill minds. Open education lights fires.,,,Idea
"Why ""All Education"" Is NOT Good - Dave Ramsey Rant - YouTube - The Ramsey Show Highlights",https://www.youtube.com/watch?v=5ivzxckQBzc,,Idea
Feynman admits he has no on e way of teaching that works for every student,https://www.instagram.com/reel/DAjJ2SVSm9o/,,Idea
"Matt Beaudreau on X: ""Parent: “My young man is full of life”

Schools: “Give him drugs and talk about his mental health. Keep him seated and at a pretend thing called grade level.”

God: “That’s by design. Give him tons of exercise, things to build, good men to follow and responsibilities to handle.”"" / X",https://x.com/MattBeaudreau/status/1894366683323662469,,Idea
Ivan Illich - Une société sans école - YouTube - Anatheme,https://www.youtube.com/watch?v=eEkLbGSYkG4,,Idea
John Taylor Gatto - State Controlled Consciousness - YouTube - safvio,https://www.youtube.com/watch?v=8ogCc8ObiwQ,,Idea
"Howard Gardner - Developed the theory of multiple intelligences, challenging the traditional IQ-cent - YouTube",https://www.youtube.com/shorts/808L5zwTclw,,Idea
"Rudolf Steiner - Rudolf Steiner - Founder of Waldorf education, promoting holistic and artistic lear - YouTube",https://www.youtube.com/shorts/-9fkWhA3DUQ,,Idea
"Ivan Illich - Critic of institutionalized education and proponent of self-directed education, propo - YouTube",https://www.youtube.com/shorts/4SITMAK7z38,,Idea
"Hannah Frankman on X: ""If you want to raise independent thinkers, don’t put them in environments for twelve years that teach them only intellectual conformity."" / X",https://x.com/HannahFrankman/status/1731877747369058761,,Idea
"Hannah Frankman on X: ""Homeschooling buys you 16,000 extra hours with your kids that you’ll never get back. https://t.co/FZERnAYJnA"" / X",https://x.com/HannahFrankman/status/1895245756841570780,,Idea
"Synthesis on X: ""We’re told everything in the world tends toward chaos.

But the best systems use chaos to bring order.

Let’s talk about antifragility 👇🏼🧵"" / X",https://x.com/synthesischool/status/1433097677789700100,,Idea
"Sahil Bloom on X: ""Everyone needs to read this… https://t.co/nUJi200FxS"" / X",https://x.com/SahilBloom/status/1893290218440073293,,Idea
"Sahil Bloom on X: ""Everyone needs to remember this... https://t.co/oNZrnI2cnh"" / X",https://x.com/SahilBloom/status/1894737317748736229,,Idea
"Sahil Bloom on X: ""How to make new habits stick.

The Two-Day Rule: https://t.co/RHLyLgzISW"" / X",https://x.com/SahilBloom/status/1605188800098947072,,Idea
"Sahil Bloom on X: ""Ok, my brain hurts.https://t.co/xNaNdwrZut"" / X",https://x.com/SahilBloom/status/1567125956682301441,,Idea
(1) Home / X,https://x.com/arjunkhemani/status/1896158962728452382/photo/1,,Idea
"(1) Justin Baeder, PhD on X: ""Words cannot express how much I detest this idea that every child is a fully formed genius who should spend most the day creating masterpieces and solving the world’s problems. 

“Merely recalling information” is at the heart of learning and should never be disparaged. https://t.co/J2konbY5aZ"" / X",https://x.com/eduleadership/status/1895113165085528125,,Idea
"Arjun Khemani on X: "".@DavidDeutschOxf: “I spoke to [Richard] Feynman—a great highlight of my life, I only spoke to him once—for a few hours. And we had a wide ranging conversation, mostly about quantum theory and computation, but we deviated a bit to talk about physics generally. 

And I said that https://t.co/CohcCWm09f"" / X",https://x.com/arjunkhemani/status/1894057943701836207,,
How ‘Innovation’ Fails Education,https://www.aei.org/op-eds/how-innovation-fails-education/,,
"OpenEd on X: ""More evidence that the value of credentials is fading fast.

What you can do &gt; where you went to school"" / X",https://x.com/OpenEdHQ/status/1879587945092722697,,Idea
"There's No Such Thing as a ""Math Person""",,,
Austin Scholar #143: Why you can’t put AI apps in a traditional classroom,https://austinscholar.substack.com/p/austin-scholar-143-why-you-cant-put,,
When is my child ready to choose their own path? - Simple Homeschool,https://simplehomeschool.net/choose-their-own-path/,,Idea
Your Kid’s Self-Image lasts a lifetime,https://x.com/rebelEducator/status/1851095030187876449,,Idea
What to Do When Your Child Doesn't Like a School Subject,https://simplycharlottemason.com/blog/your-questions-answered-when-your-child-doesnt-like-a-subject/,,Idea
"""When you run from a bear with your friends, it definitely forms very strong connections."" (15:27)",,,
Why I Let My 8-Year-Old Do the Shopping Alone,https://letgrow.org/grocery-shop-girl/,,
The Downfall of Credibility in Schools - Hannah Frankman,https://www.youtube.com/watch?v=bgwA4NkF-9s,,
The Tyranny of Homework - Libertas Institute,https://libertas.org/education-empowerment/the-tyranny-of-homework/?utm_source=rss&utm_medium=rss&utm_campaign=the-tyranny-of-homework,,
"Child Psychologist,  “Kids Need More Free Play.”",https://letgrow.org/tovah-klein-anji-play/,,
You Can Homeschool | Ep. 143,https://hslda.org/post/you-can-homeschool-ep-143,,
The tyranny of Homework,https://libertas.org/education-empowerment/the-tyranny-of-homework/?utm_source=rss&utm_medium=rss&utm_campaign=the-tyranny-of-homework,,
Sal Khan: How AI could save (not destroy) education | TED Talk,https://www.ted.com/talks/sal_khan_how_ai_could_save_not_destroy_education,,Idea